{"cameraMode":{"drawMode":0,"name":"Shaded","section":"Shading Mode"},"sceneLighting":true,"audioPlay":false,"sceneViewState":{"showFog":true,"showMaterialUpdate":false,"showSkybox":true,"showFlares":true,"showImageEffects":true,"showParticleSystems":true},"in2DMode":false,"pivot":{"x":221.1494140625,"y":272.5380859375,"z":-18.538785934448243},"rotation":{"x":0.018993034958839418,"y":0.14258338510990144,"z":0.002736588241532445,"w":-0.9895996451377869},"size":603.6904296875,"orthographic":false}